non_ascii,ascii
_연두부_,lovelyyeon
ぐちつぼ,gutitubo
しゃるる,syaruru3
たぬき忍者,tanukininja
むかい,dtn_mukai
らいじん,alfrea
らっだぁ,raderaderader
ウェザーニュース,weathernewslive
スタンミ,sutanmi
世界の屁こき隊,hekokitaiworld
中信兄弟官方頻道,brothers_baseball
六希夫,qttsix
勝敗難免,ggbb528
咪咪蛋,yulihong22
小夜夜,albislol
恭一郎,dmf_kyochan
木棉花官方頻道,muse_tw
林芙芙,linfufu
永井博之,piro0520
無口君,mr_wuco
狂暴小建,a541021
獅子丸,mimiluckying
繽紛電影台,franchiseglobalart
蝦愛橘子,shuteye_orange
豆豆在這裡,kiss_850722
貝莉莓,beryl_lulu
超負荷,sam1268
餐餐自由配,blusewilly_retry
감블러,9ambler
강소연,rkdthdus930
개리형,qcnb123
개복어,dogswellfish
갱생레바,mister903
견자희,wkgml
고차비,kumikomii
괴물쥐123,tmxk319
귀마개,falgwang
금사향,sah_yang
김나성,naseongkim
김남봉,kimnamsoon
김달걀,itsmejanna
김뚜띠_,kimdduddi
김뿡_,bbonge_
김진우,jinu6734
꼴랑이임,rhffkddl96
나나양,nanayango3o
단까얏족보발리폭스,79bbbb
더샤이,wlstla2
도현_,d_obby
따효니,ddahyoni
똘똘똘이_,jungtaejune
러너교,runner0608
루다님_,leehunnyeo
림고수,newnyup1
마젠타_,magenta62
매드라이프_,lol_madlife
매직박,yagubu
멀럭킹,sizer0346
빅헤드,bighead033
빛베리,berry0314
살인마협회장,sal_gu
서새봄냥,saddummy
소니쇼,sonycast_
소우릎,so_urf
소풍왔니,yumyumyu77
수련수련,sooflower
스피드소닉,dragon3652
스피릿제로,team_spiritzero
승우아빠_,swab85
실프_,silphtv
액시스마이콜,sn400ja
앰비션_,lol_ambition
양아지,dkwl025
에렌디라,erenjjing
에르비앙스,aerviance
연두는말안드뤄,rudbeckia7
옥냥이,rooftopcat99
우왁굳,woowakgood
우정잉,nanajam777
웁_게임방송,alenenwooptv
응삼이,dmdtkadl69
이선생84,drlee_kor
이초홍,h920103
이춘향,leechunhyang
인간젤리,ses836
재슥짱,pikra10
정령왕,ljh0328
지수소녀,wltn4765
짬타수아,zzamtiger0310
쫀득이_,pjs9073
철면수심,109ace
치킨쿤,ch1ckenkun
침착맨,zilioner
칸데르니아,jmjdoc
코렛트,collet11
크캣66,crazzyccat
테디이,t1_teddy
툥이_,tyongeee
파카9999,paka9999
풍월량,hanryang1125
플러리,flurry1989
플레임__,flamekr
피닉스박1,xkwhd
하로맨,harroman
한냥__,gkssk446
한동숙,handongsuk
해기님,he0901
햇살살,hatsalsal
홍방장,game2eye
大丸,wtf_winds123
嬌兔,zrush
小舞,nein1203
懶貓,failverde
接接,godjj
殺梗,xargon0731
湯米,chen810830
球球,turi
紀囧,jongie
羅傑,roger881206
老婆,s73225200
老皮,mobilmobil
薛喜,qq7925168
蛇足,dasoku_aniki
貝克,slrabbit99
踢虧,takesipon
逼比,bebelolz
阿土,q158688920
阿寧,chiao622
阿津,kamiyu666
龜狗,gueigotv
강지,rainblue37
강퀴,kangqui
김도,kimdoe
까막,smartcrow
꽃핀,cherrypach
녹두로,nokdurro
다주,dda_ju
랄로,aba4647
룩삼,looksam
머독,ajehr
무굴,moogrr1211
배돈,baedony
삐부,s1032204
서넹,dua3362
선바,sunbaking
쉐리,kss7749
쌍베,rhdgurwns
악어,jdm2088
얍얍,yapyap30
양띵,yd0821
오킹,obm1025
자동,tranth
중력,jungryeok
케인,kanetv8
탬탬버린,2chamcham2
트할,thal
포셔,portialyn
푸사,pusa6019
핑맨,95pingman
헤징,hejin0_0
